affil_name,status,valid_ids,affil_names_valid,invalid_ids,affil_names_invalid,eid,author,affil_city
"School of Transportation and Logistics Engineering, Wuhan University of Technology",In HAL (Valid),478387,Wuhan University of Technology [WHUT],,,2-s2.0-85168304848,Jinhua Xiao,Wuhan
"École Normale Supérieure Paris Saclay, LURPA",In HAL (Valid),"1051092, 419361, 523723",Laboratoire Universitaire de Recherche en Production Automatisée [LURPA] | Université Paris-Saclay | Ecole Normale Supérieure  Paris-Saclay [ENS Paris Saclay],,,2-s2.0-85168304848,Nabil Anwer,Gif-sur-Yvette
"Department of Mechanical Engineering, University of Technology of Compiè, Roberval Laboratory",Not in HAL,,,,,2-s2.0-85168304848,Benoit Eynard,Compiègne
"School of Mechanical Engineering and Automation, Beihang University",In HAL (Valid),411674,Beihang University [BUAA],,,2-s2.0-85169319127,Yue Li,Beijing
"Université Paris-Saclay, ENS Paris-Saclay, LURPA",In HAL (Valid),"1051092, 419361, 523723",Laboratoire Universitaire de Recherche en Production Automatisée [LURPA] | Université Paris-Saclay | Ecole Normale Supérieure  Paris-Saclay [ENS Paris Saclay],,,2-s2.0-85169319127,Yifan Qie,Gif-sur-Yvette
"Department of Industrial and Manufacturing Systems Engineering, Beihang University",In HAL (Valid),411674,Beihang University [BUAA],,,2-s2.0-85162051784,Kai Guo,Beijing
"Additive Manufacturing Institute, College of Mechatronics and Control Engineering, Shenzhen University",In HAL (Valid),303177,Shenzhen University,,,2-s2.0-85162051784,Yongqiang Tu,Shenzhen
"LURPA, ENS Paris-Saclay, Université Paris-Sud, Université Paris-Saclay",In HAL (Valid),"1051092, 419361, 523723",Laboratoire Universitaire de Recherche en Production Automatisée [LURPA] | Université Paris-Saclay | Ecole Normale Supérieure  Paris-Saclay [ENS Paris Saclay],,,2-s2.0-85162051784,Yifan Qie,Cachan
"Universite Paris-Saclay, ENS Paris-Saclay, LURPA",In HAL (Valid),"1051092, 419361, 523723",Laboratoire Universitaire de Recherche en Production Automatisée [LURPA] | Université Paris-Saclay | Ecole Normale Supérieure  Paris-Saclay [ENS Paris Saclay],,,2-s2.0-85160408888,Nabil Anwer,
"State Key Laboratory of Mechanical Transmission, Chongqing University",In HAL (Valid),237002,Chongqing University [Chongqing],,,2-s2.0-85163337280,Miao Yang,Chongqing
"Department of Mechanical Engineering, Université de Technologie de Compiègne, Roberval Laboratory, CS 60319",In HAL (Valid),93027,Université de Technologie de Compiègne [UTC],,,2-s2.0-85163337280,Benoit Eynard,Compiègne Cedex
"Low Voltage Apparatus Technology Research Center of Zhejiang, Wenzhou University",In HAL (Valid),347421,Wenzhou University,,,2-s2.0-85163337280,Liang Shu,Wenzhou
"Product Life Cycle Management, Technical University of Darmstadt",In HAL (Valid),300723,Technische Universität Darmstadt - Technical University of Darmstadt [TU Darmstadt],,,2-s2.0-85180422466,Benjamin Schleich,Darmstadt
"LURPA, ENS Paris-Saclay, Université Paris Saclay",In HAL (Valid),"1051092, 419361, 523723",Laboratoire Universitaire de Recherche en Production Automatisée [LURPA] | Université Paris-Saclay | Ecole Normale Supérieure  Paris-Saclay [ENS Paris Saclay],,,2-s2.0-85176269799,Yahya Al-Meslemi,Gif-sur-Yvette
Laboratoire National de Métrologie et d’Essais (LNE-CNAM),In HAL (Valid),"300351, 538485, 559909, 147619",Laboratoire National de Métrologie et d’Essais [LNE] | Laboratoire National de Métrologie et d'Essais [Trappes] [LNE ] | Laboratoire commun de métrologie LNE-CNAM [LCM] | Conservatoire National des Arts et Métiers [CNAM] [CNAM],,,2-s2.0-85176269799,Anne-Françoise Obaton,Paris
"LURPA, ENS Paris-Saclay, Université Paris Saclay, Université Sorbonne Paris Nord",In HAL (Valid),"1051092, 419361, 581146, 523723",Université Sorbonne Paris Nord | Laboratoire Universitaire de Recherche en Production Automatisée [LURPA] | Université Paris-Saclay | Ecole Normale Supérieure  Paris-Saclay [ENS Paris Saclay],,,2-s2.0-85176269799,Charyar Mehdi-Souzani,Gif-sur-Yvette
"Robotics Institute, Shanghai Jiao Tong University",In HAL (Valid),233961,Shanghai Jiao Tong University [Shanghai],,,2-s2.0-85169886089,Jianhao Ruan,Shanghai
"School of Mechanical and Manufacturing Engineering, UNSW Sydney",In HAL (Valid),"241526, 74661",University of New South Wales [Sydney] [UNSW] | School of Mechanical and Manufacturing Engineering [Sydney],,,2-s2.0-85169655188,Xingzhi Wang,
"Université Paris-Salay, ENS Paris Saclay, LURPA",In HAL (Valid),"1051092, 419361, 523723",Laboratoire Universitaire de Recherche en Production Automatisée [LURPA] | Université Paris-Saclay | Ecole Normale Supérieure  Paris-Saclay [ENS Paris Saclay],,,2-s2.0-85169655188,Nabil Anwer,Gif-sur-Yvette
"Department of Curriculum and Instruction, Chinese University of Hong Kong",Not in HAL,,,,,2-s2.0-85169655188,Yun Dai,
University of Bordeaux,In HAL (Valid),259761,Université de Bordeaux [UB],,,2-s2.0-85165489610,Carlos Andres Restrepo Garcia,
Paris-Saclay University,Not in HAL,,,,,2-s2.0-85165489610,Carlos Andres Restrepo Garcia,
"Université Paris-Saclay, ENS Paris-Saclay, LURPA",In HAL (Valid),"1051092, 419361, 523723",Laboratoire Universitaire de Recherche en Production Automatisée [LURPA] | Université Paris-Saclay | Ecole Normale Supérieure  Paris-Saclay [ENS Paris Saclay],,,2-s2.0-85151568454,Nabil Anwer,
"Université Paris-Saclay, ENS Paris-Saclay, Université Sorbonne Paris-Nord, LURPA",In HAL (Valid),"1051092, 419361, 581146, 523723",Université Sorbonne Paris Nord | Laboratoire Universitaire de Recherche en Production Automatisée [LURPA] | Université Paris-Saclay | Ecole Normale Supérieure  Paris-Saclay [ENS Paris Saclay],,,2-s2.0-85140432886,Kévin Ferreira,Gif-sur-Yvette
"Istituto di Matematica Applicata e Tecnologie Informatiche “E. Magenes”, Consiglio Nazionale delle Ricerche",In HAL (Valid),1180006,consiglio nazionale delle ricerche [Genova] [CNR],,,2-s2.0-85134263085,Chiara Romanengo,Genova
"Department of Electrical and Computer Engineering, University of Patras",In HAL (Valid),"118333, 77278",University of Patras | Department of Electrical and Computer Engineering [Patras] [ECE],,,2-s2.0-85134263085,Vlassis Fotis,Patras
"Department of Computer Science, University of Chile",In HAL (Valid),142796,Universidad de Chile = University of Chile [Santiago] [UCHILE],,,2-s2.0-85134263085,Ivan Sipiran,Santiago
"University of Science, VNU-HCM",In HAL (Valid),265217,"Vietnam National University, Ho Chi Minh City / Đại học Quốc gia TP. Hồ Chí Minh [VNU-HCM]",,,2-s2.0-85134263085,Quang-Thuc Nguyen,Ho Chi Minh City
"John von Neumann Institute, VNU-HCM",In HAL (Valid),265217,"Vietnam National University, Ho Chi Minh City / Đại học Quốc gia TP. Hồ Chí Minh [VNU-HCM]",,,2-s2.0-85134263085,Quang-Thuc Nguyen,Ho Chi Minh City
Vietnam National University,In HAL (Valid),265217,"Vietnam National University, Ho Chi Minh City / Đại học Quốc gia TP. Hồ Chí Minh [VNU-HCM]",,,2-s2.0-85134263085,Quang-Thuc Nguyen,Ho Chi Minh City
"Automated Production Research Laboratory (LURPA), ENS Paris-Saclay, Université Paris-Saclay",In HAL (Valid),"1051092, 419361, 523723",Laboratoire Universitaire de Recherche en Production Automatisée [LURPA] | Université Paris-Saclay | Ecole Normale Supérieure  Paris-Saclay [ENS Paris Saclay],,,2-s2.0-85134263085,Yifan Qie,Gif-sur-Yvette
"Wuhan University of Technology, School of Transportation and Logistics Engineering",In HAL (Valid),478387,Wuhan University of Technology [WHUT],,,2-s2.0-85134710014,Jinhua Xiao,Wuhan
"School of Mechanical Engineering, University of Shanghai for Science and Technology",In HAL (Valid),458366,University of Shanghai for Science and Technology,,,2-s2.0-85134710014,Weidong Li,Shanghai
"Department of Mechanical Systems Engineering, Sorbonne Universités, Université de Technologie de Compiègne, Roberval Laboratory - UMR CNRS 7337",In HAL (Valid),"302628, 93027",HESAM Université - Communauté d'universités et d'établissements Hautes écoles Sorbonne Arts et métiers université [HESAM] | Université de Technologie de Compiègne [UTC],,,2-s2.0-85134710014,Benoît Eynard,Compiègne Cedex
"School of Mechanical Engineering, Northwestern Polytechnical University",In HAL (Valid),126196,Northwestern Polytechnical University [Xi'an] [NPU],,,2-s2.0-85134710014,Chen Zheng,Xi'an
"Laboratoire Commun de Métrologie, Laboratoire National de Métrologie et d'Essais (LNE-CNAM)",In HAL (Valid),"300351, 538485, 559909, 147619",Laboratoire National de Métrologie et d’Essais [LNE] | Laboratoire National de Métrologie et d'Essais [Trappes] [LNE ] | Laboratoire commun de métrologie LNE-CNAM [LCM] | Conservatoire National des Arts et Métiers [CNAM] [CNAM],,,2-s2.0-85122125398,S.-C. Toguem Tagne,Paris
GEOMNIA: 19B rue des Châteaux,Not in HAL,,,,,2-s2.0-85122125398,M. Damak,Wasquehal
Arts et Métiers Institue of Technology,Not in HAL,,,,,2-s2.0-85122125398,M. Damak,Lille Cedex
"Université Paris-Saclay, Université Sorbonne Paris Nord, ENS Paris-Saclay, LURPA",In HAL (Valid),"1051092, 419361, 581146, 523723",Laboratoire Universitaire de Recherche en Production Automatisée [LURPA] | Université Paris-Saclay | Ecole Normale Supérieure  Paris-Saclay [ENS Paris Saclay] | Université Sorbonne Paris Nord,,,2-s2.0-85122125398,C. Mehdi-Souzani,Gif-sur-Yvette
"Department of Mechanical Engineering, College of Engineering, Prince Sattam bin Abdulaziz University (PSAU)",In HAL (Valid),432585,Prince Sattam Bin Abdul-Aziz University [PSAU],,,2-s2.0-85122125398,B.A.M. Alzahrani,Alkharj
"Department of Mathematics, University of Oslo",In HAL (Valid),50791,University of Oslo [UiO],,,2-s2.0-85117115241,Andrea Raffo,Oslo
"Chemnitz University of Technology, Professorship of Production Measuring Technology",In HAL (Valid),94194,Chemnitz University of Technology / Technische Universität Chemnitz,,,2-s2.0-85145217118,Robert Hofmann,Chemnitz
"I2M - Université de Bordeaux, Esplanade des Arts et Métiers",Not in HAL,,,,,2-s2.0-85145199848,Carlos Andres Restrepo Garcia,Talence
"LURPA, ENS Paris Saclay",In HAL (Valid),"1051092, 419361, 523723",Laboratoire Universitaire de Recherche en Production Automatisée [LURPA] | Université Paris-Saclay | Ecole Normale Supérieure  Paris-Saclay [ENS Paris Saclay],,,2-s2.0-85145199848,Carlos Andres Restrepo Garcia,Gif-sur-Yvette
"State Key Laboratory of Fluid Power and Mechatronic Systems, College of Mechanical Engineering, Zhejiang University",In HAL (Valid),8138,Zhejiang University,,,2-s2.0-85145197783,Zhi Junnan,Hangzhou
"Key Laboratory of Advanced Manufacturing Technology of Zhejiang Province, College of Mechanical Engineering, Zhejiang University",In HAL (Valid),8138,Zhejiang University,,,2-s2.0-85145197783,Zhi Junnan,Hangzhou
State Grid Tongxiang Electric Power Supply Company,Not in HAL,,,,,2-s2.0-85145197783,Zhu Chongxin,Jiaxing
"LURPA, Université Paris-Saclay, Ecole Normale Supérieure Paris-Saclay",In HAL (Valid),"1051092, 419361, 523723",Laboratoire Universitaire de Recherche en Production Automatisée [LURPA] | Université Paris-Saclay | Ecole Normale Supérieure  Paris-Saclay [ENS Paris Saclay],,,2-s2.0-85145194613,Nabil Anwer,Gif-sur-Yvette
"Engineering Laboratory, National Institute of Standards and Technology",In HAL (Valid),183043,National Institute of Standards and Technology [Gaithersburg] [NIST],,,2-s2.0-85145194613,Vijay Srinivasan,Gaithersburg
"Beijing Institute of Technology, School of Mechanical Engineering",In HAL (Valid),74978,Beijing Institute of Technology [BIT],,,2-s2.0-85145184985,Nan Shao,Beijing
"Engineering Design, Friedrich-Alexander-Universität Erlangen-Nürnberg",In HAL (Valid),311714,Friedrich-Alexander Universität Erlangen-Nürnberg = University of Erlangen-Nuremberg [FAU],,,2-s2.0-85131437555,Benjamin Schleich,Erlangen
Université Paris-Saclay,In HAL (Valid),419361,Université Paris-Saclay,,,2-s2.0-85131437555,Yifan Qie,Gif-sur-Yvette
Laboratoire Commun de Métrologie (LNE-CNAM),In HAL (Valid),"300351, 538485, 147619",Laboratoire National de Métrologie et d'Essais [Trappes] [LNE ] | Laboratoire commun de métrologie LNE-CNAM [LCM] | Conservatoire National des Arts et Métiers [CNAM] [CNAM],,,2-s2.0-85121467854,Amine Chiboub,Paris
"KTH Royal Institute of Technology, Department of Production Engineering",In HAL (Valid),311102,KTH Royal Institute of Technology [Kista] [KTH],,,2-s2.0-85108250720,Filmon Yacob,Stockholm
"LURPA, ENS Paris-Saclay, Université Paris-Saclay",In HAL (Valid),"1051092, 419361, 523723",Laboratoire Universitaire de Recherche en Production Automatisée [LURPA] | Université Paris-Saclay | Ecole Normale Supérieure  Paris-Saclay [ENS Paris Saclay],,,2-s2.0-85108250720,Nabil Anwer,Gif-sur-Yvette
China Academy of Space Technology,Not in HAL,,,,,2-s2.0-85100532584,Zhiqiang Zhang,Beijing
"School of Mechanical Engineering, Beijing Institute of Technology",In HAL (Valid),74978,Beijing Institute of Technology [BIT],,,2-s2.0-85100532584,Zhiqiang Zhang,Beijing
"LURPA, ENS Paris-Saclay, University Paris-Sud, Université Paris-Saclay",In HAL (Valid),"1051092, 419361, 523723",Laboratoire Universitaire de Recherche en Production Automatisée [LURPA] | Université Paris-Saclay | Ecole Normale Supérieure  Paris-Saclay [ENS Paris Saclay],,,2-s2.0-85100532584,Laurent Pierre,Cachan
"LURPA, ENS Paris-Saclay, Universit'e Paris-Sud, Universit'e Paris-Saclay",In HAL (Valid),"1051092, 419361, 523723",Laboratoire Universitaire de Recherche en Production Automatisée [LURPA] | Université Paris-Saclay | Ecole Normale Supérieure  Paris-Saclay [ENS Paris Saclay],,,2-s2.0-85100067208,Nabil Anwer,Cachan
"Beihang University, School of Mechanical Engineering and Automation",In HAL (Valid),411674,Beihang University [BUAA],,,2-s2.0-85099002282,Lihong Qiao,Beijing
"Laboratoire Commun de Métrologie (LCM), Laboratoire National de Métrologie et d’Essais (LNE)",In HAL (Valid),"300351, 538485, 147619",Laboratoire National de Métrologie et d'Essais [Trappes] [LNE ] | Laboratoire commun de métrologie LNE-CNAM [LCM] | Conservatoire National des Arts et Métiers [CNAM] [CNAM],,,2-s2.0-85100456319,Yassir Arezki,Paris
"Manufacturing Metrology Team, Faculty of Engineering, University of Nottingham (UNOTT)",In HAL (Valid),"558853, 407023","University of Nottingham, UK [UON] | Manufacturing Metrology Team",,,2-s2.0-85100456319,Rong Su,Nottingham
"VTT Technical Research Centre of Finland Ltd, Centre for Metrology MIKES",Not in HAL,,,,,2-s2.0-85100456319,Ville Heikkinen,Espoo
"THALES LAS France, Etablissement de Saint Heand",In HAL (Valid),530280,Thales LAS France,,,2-s2.0-85100456319,François Leprete,Saint Heand
"TOPTEC, Institute of Plasma Physics of the Czech Academy of Sciences",Not in HAL,,,,,2-s2.0-85100456319,Pavel Posta,Praha
"National Institute of Advanced Industrial Science and Technology (AIST), National Metrology Institute of Japan (NMIJ)",In HAL (Valid),302425,National Institute of Advanced Industrial Science and Technology [AIST],,,2-s2.0-85100456319,Youichi Bitou,Tsukuba
Institute of Applied Optics (ITO),In HAL (Valid),"466046, 330453",Fraunhofer Institute for Applied Optics and Precision Engineering [Jena] [Fraunhofer IOF] | Fraunhofer [Fraunhofer-Gesellschaft],,,2-s2.0-85100456319,Christian Schober,Stuttgart
"Shanghai Engineering Centre of Ultra-Precision Optical Manufacturing, Fudan University",In HAL (Valid),140179,Fudan University [Shanghai],,,2-s2.0-85100456319,Xiangchao Zhang,Shanghai
"Arts et Metiers Institute of Technology, HESAM Université, LISPEN",In HAL (Valid),302628,HESAM Université - Communauté d'universités et d'établissements Hautes écoles Sorbonne Arts et métiers université [HESAM],,,2-s2.0-85112581192,Lionel Roucoules,Aix-en-Provence
"Université Paris-Saclay, ENS Paris-Saclay, LURPA, 94235",In HAL (Valid),"1051092, 419361, 523723",Laboratoire Universitaire de Recherche en Production Automatisée [LURPA] | Université Paris-Saclay | Ecole Normale Supérieure  Paris-Saclay [ENS Paris Saclay],,,2-s2.0-85112581192,Nabil Anwer,Cachan
"LURPA, ENS Paris-Saclay, University Paris-Sud, Université Paris-Saclay",In HAL (Valid),"1051092, 419361, 523723",Laboratoire Universitaire de Recherche en Production Automatisée [LURPA] | Université Paris-Saclay | Ecole Normale Supérieure  Paris-Saclay [ENS Paris Saclay],,,2-s2.0-85107898191,Yifan Qie,Gif-sur-Yvette
"LURPA, ENS Cachan, Université Paris-Saclay",In HAL (Valid),"6862, 1051092, 419361, 523723",Laboratoire Universitaire de Recherche en Production Automatisée [LURPA] | Université Paris-Saclay | École normale supérieure - Cachan [ENS Cachan] | Ecole Normale Supérieure  Paris-Saclay [ENS Paris Saclay],,,2-s2.0-85106189580,Yifan Qie,Cachan
"School of Mechanical Engineering and Automation, Beihang University, Haidian District",In HAL (Valid),411674,Beihang University [BUAA],,,2-s2.0-85106189580,Lihong Qiao,Beijing
"School of Logistics Engineering, Wuhan University of Technology",In HAL (Valid),478387,Wuhan University of Technology [WHUT],,,2-s2.0-85098625699,Jinhua Xiao,Wuhan
"Department of Mechanical Engineering, Roberval Institute, Université de Technologie de Compiègne",In HAL (Valid),93027,Université de Technologie de Compiègne [UTC],,,2-s2.0-85098625699,Benoît Eynard,Compiègne Cedex
"Department of Applied Mathematics and Industrial Engineering, Polytechnique Montréal",In HAL (Valid),57241,École Polytechnique de Montréal [EPM],,,2-s2.0-85098625699,Christophe Danjou,Montréal
"School of Automation Science and Electrical Engineering, Beihang University",In HAL (Valid),411674,Beihang University [BUAA],,,2-s2.0-85098487203,Fei Tao,Beijing
"Automated Production Research Laboratory, Paris-Saclay University, ENS Paris-Saclay",In HAL (Valid),"419361, 523723",Université Paris-Saclay | Ecole Normale Supérieure  Paris-Saclay [ENS Paris Saclay],,,2-s2.0-85098487203,Nabil Anwer,
"School of Mechanical and Manufacturing Engineering, University of New South Wales",In HAL (Valid),"241526, 74661",University of New South Wales [Sydney] [UNSW] | School of Mechanical and Manufacturing Engineering [Sydney],,,2-s2.0-85098487203,Ang Liu,Sydney
"Department of Production Engineering, KTH Royal Institute of Technology",In HAL (Valid),311102,KTH Royal Institute of Technology [Kista] [KTH],,,2-s2.0-85098487203,Lihui Wang,Stockholm
"Department of Mechanical Engineering, National University of Singapore",In HAL (Valid),"94013, 301111",National University of Singapore [NUS] | Department of Mechanical Engineering [Singapore],,,2-s2.0-85098487203,Andrew Y.C. Nee,Singapore
"JSL Innovations Inc., Rancho Cucamonga",Not in HAL,,,,,2-s2.0-85098487203,Liming Li,California
"Department of Automation, Tsinghua University",In HAL (Valid),"24050, 128756",Tsinghua University [Beijing] [THU] | Department of Automation,,,2-s2.0-85098487203,Meng Zhang,Beijing
"LURPA, ENS Paris-Saclay, Universit’e Paris-Sud, Universit’e Paris-Saclay",In HAL (Valid),"1051092, 419361, 523723",Laboratoire Universitaire de Recherche en Production Automatisée [LURPA] | Université Paris-Saclay | Ecole Normale Supérieure  Paris-Saclay [ENS Paris Saclay],,,2-s2.0-85089966943,Nabil Anwer,Cachan
"School of Mechanical Engineering, Shandong University",In HAL (Valid),26886,Shandong University,,,2-s2.0-85074335396,Tianliang Hu,Jinan
"LURPA, ENS Paris-Saclay, Universite Paris-Sud, Universite Paris-Saclay",In HAL (Valid),"1051092, 419361, 523723",Laboratoire Universitaire de Recherche en Production Automatisée [LURPA] | Université Paris-Saclay | Ecole Normale Supérieure  Paris-Saclay [ENS Paris Saclay],,,2-s2.0-85074335396,Nabil Anwer,Cachan
"ENS Paris-Saclay, Université Paris-Saclay",In HAL (Valid),"419361, 523723",Université Paris-Saclay | Ecole Normale Supérieure  Paris-Saclay [ENS Paris Saclay],,,2-s2.0-85092423044,Marc-Antoine de Pastre,Gif-sur-Yvette
LNE-CNAM,In HAL (Valid),"300351, 538485, 147619",Laboratoire National de Métrologie et d'Essais [Trappes] [LNE ] | Laboratoire commun de métrologie LNE-CNAM [LCM] | Conservatoire National des Arts et Métiers [CNAM] [CNAM],,,2-s2.0-85092423044,Saint-Clair Toguem Tagne,Paris
"Additive Design and Manufacturing Systems (ADaMS) Lab, Department of Mechanical Engineering, University of Alberta",In HAL (Valid),98298,University of Alberta,,,2-s2.0-85087408785,Baltej Singh Rupal,Edmonton
"Université Paris-Saclay, ENS Paris-Saclay, LURPA",In HAL (Valid),"1051092, 419361, 523723",Laboratoire Universitaire de Recherche en Production Automatisée [LURPA] | Université Paris-Saclay | Ecole Normale Supérieure  Paris-Saclay [ENS Paris Saclay],,,2-s2.0-85087408785,Baltej Singh Rupal,Cachan
"Energy Systems Design Lab (ESDL), Department of Mechanical Engineering, University of Alberta",In HAL (Valid),98298,University of Alberta,,,2-s2.0-85087408785,Baltej Singh Rupal,Edmonton
"LURPA, ENS Paris-Saclay, Univ. Paris-Sud, Université Paris-Saclay",In HAL (Valid),"1051092, 419361, 523723",Laboratoire Universitaire de Recherche en Production Automatisée [LURPA] | Université Paris-Saclay | Ecole Normale Supérieure  Paris-Saclay [ENS Paris Saclay],,,2-s2.0-85077795360,Na Cai,
University of Huddersfield,In HAL (Valid),483403,University of Huddersfield,,,2-s2.0-85077795360,Paul J. Scott,
"Department of Industrial and Manufacturing Systems Engineering, School of Mechanical Engineering & Automation, Beihang University",In HAL (Valid),411674,Beihang University [BUAA],,,2-s2.0-85077795360,Lihong Qiao,Beijing
"Engineering Design, Friedrich-Alexander-Universität Erlangen-Nürnberg (FAU)",In HAL (Valid),311714,Friedrich-Alexander Universität Erlangen-Nürnberg = University of Erlangen-Nuremberg [FAU],,,2-s2.0-85098600676,Benjamin Schleich,Erlangen
"LURPA, ENS Paris-Saclay, Univ. Paris-Sud, Université Paris-Saclay",In HAL (Valid),"1051092, 419361, 523723",Laboratoire Universitaire de Recherche en Production Automatisée [LURPA] | Université Paris-Saclay | Ecole Normale Supérieure  Paris-Saclay [ENS Paris Saclay],,,2-s2.0-85092590803,Nabil Anwer,Cachan
University of Huddersfield,In HAL (Valid),483403,University of Huddersfield,,,2-s2.0-85092585506,Jane X. Jiang,Huddersfield
National Institute of Standards and Technology,In HAL (Valid),183043,National Institute of Standards and Technology [Gaithersburg] [NIST],,,2-s2.0-85092585506,Vijay Srinivasan,Gaithersburg
"Energy Systems Design Lab (ESDL), University of Alberta, Department of Mechanical Engineering",In HAL (Valid),98298,University of Alberta,,,2-s2.0-85092575200,Baltej Singh Rupal,Edmonton
"LURPA, ENS Paris-Saclay, Univ. Paris-Sud, Université Paris 13, Sorbonne Paris Cité, Université Paris-Saclay",In HAL (Valid),"303171, 523723, 1051092, 15786, 419361",Laboratoire Universitaire de Recherche en Production Automatisée [LURPA] | Université Paris-Saclay | Université Paris 13 [UP13] | Université Sorbonne Paris Cité [USPC] | Ecole Normale Supérieure  Paris-Saclay [ENS Paris Saclay],,,2-s2.0-85091703705,Saint-Clair T. Toguem,Cachan
Laboratoire National de Métrologie et d'Essais (LNE),In HAL (Valid),559909,Laboratoire National de Métrologie et d’Essais [LNE],,,2-s2.0-85091703705,Saint-Clair T. Toguem,Paris
GEOMNIA: 3D Metrology Engineering and Software Solutions,Not in HAL,,,,,2-s2.0-85091596247,Mohamed Damak,Villeneuve d'Ascq
"LURPA, ENS Paris-Saclay, Université Sorbonne Paris Nord, Université Paris-Saclay",In HAL (Valid),"419361, 581146, 1051092, 523723",Université Sorbonne Paris Nord | Laboratoire Universitaire de Recherche en Production Automatisée [LURPA] | Université Paris-Saclay | Ecole Normale Supérieure  Paris-Saclay [ENS Paris Saclay],,,2-s2.0-85090671190,Zuowei Zhu,Cachan
"Laboratoire Commun de Métrologie (LCM), Laboratoire National de Métrologie et d’Essais(LNE)",In HAL (Valid),"300351, 538485, 147619",Laboratoire National de Métrologie et d'Essais [Trappes] [LNE ] | Laboratoire commun de métrologie LNE-CNAM [LCM] | Conservatoire National des Arts et Métiers [CNAM] [CNAM],,,2-s2.0-85090671190,Yassir Arezki,Paris
"LURPA, UniversitéParis-Sud, UniversitéParis-Saclay",In HAL (Valid),"1051092, 419361, 523723",Laboratoire Universitaire de Recherche en Production Automatisée [LURPA] | Université Paris-Saclay | Ecole Normale Supérieure  Paris-Saclay [ENS Paris Saclay],,,2-s2.0-85074581446,Zuowei Zhu,Cachan
"Key Laboratory of Advanced Manufacturing Technology of Zhejiang Province, School of Mechanical Engineering, Zhejiang University",In HAL (Valid),8138,Zhejiang University,,,2-s2.0-85061002964,Ting Liu,Hangzhou
"State Key Laboratory of Fluid Power and Mechatronic Systems, School of Mechanical Engineering, Zhejiang University",In HAL (Valid),8138,Zhejiang University,,,2-s2.0-85061002964,Yanlong Cao,Hangzhou
"Università Degli Studi di Padova, Department of Industrial Engineering",In HAL (Valid),"301093, 442106",Università degli Studi di Padova = University of Padua [Unipd] | Department of Industrial Engineering [Padova],,,2-s2.0-85084310522,Marco Menoncin,Padova
"Interstaatliche Hochschule für Technik Buchs, Institute PWO",Not in HAL,,,,,2-s2.0-85084310522,Michael Marxer,Buchs
École Normale Supérieure Paris-Saclay,In HAL (Valid),523723,Ecole Normale Supérieure  Paris-Saclay [ENS Paris Saclay],,,2-s2.0-85084310522,Nabil Anwer,Cachan Cedex
"Laboratoire Commun de Métrologie (LNE-CNAM), Laboratoire National de Métrologie et d’Essais (LNE)",In HAL (Valid),"300351, 538485, 559909, 147619",Laboratoire National de Métrologie et d’Essais [LNE] | Laboratoire National de Métrologie et d'Essais [Trappes] [LNE ] | Laboratoire commun de métrologie LNE-CNAM [LCM] | Conservatoire National des Arts et Métiers [CNAM] [CNAM],,,2-s2.0-85076794198,Saint-Clair T. Toguem,Paris
"GEOMNIA: Advanced 3D Engineering and Software Solutions, EuraTechnologies",Not in HAL,,,,,2-s2.0-85076794198,Mohamed Damak,Lille
"LURPA, ENS Cachan, University Paris-Sud, Universite Paris-Saclay",In HAL (Valid),"6862, 1051092, 419361, 523723",Laboratoire Universitaire de Recherche en Production Automatisée [LURPA] | Université Paris-Saclay | École normale supérieure - Cachan [ENS Cachan] | Ecole Normale Supérieure  Paris-Saclay [ENS Paris Saclay],,,2-s2.0-85076780202,Zuowei Zhu,Cachan
Thales angénieux SA,In HAL (Valid),"250969, 206055",THALES [France] | Thales Angénieux SA,,,2-s2.0-85070962742,François Lepretre,Saint Heand
"Regional Centre for Special Optics and Optoelectronic Systems (TOPTEC), Institute of Plasma Physics",In HAL (Valid),"73968, 311871",Institute of Plasma Physics [Praha] | Czech Academy of Sciences [Prague] [CAS],,,2-s2.0-85070962742,Pavel Psota,
"Manufacturing Metrology Team, Faculty of Engineering, University of Nottingham",In HAL (Valid),"558853, 407023","University of Nottingham, UK [UON] | Manufacturing Metrology Team",,,2-s2.0-85070962742,Rong Su,Nottingham
VTT Technical Research Centre of Finland,In HAL (Valid),240589,VTT Technical Research Centre of Finland [VTT],,,2-s2.0-85070962742,Ville Heikkinen,Espoo
"Shanghai Engineering Centre for Ultra-Precision Optical Manufacturing, Fudan University",In HAL (Valid),140179,Fudan University [Shanghai],,,2-s2.0-85070962742,Xiangchao Zhang,Shanghai
"National Institute of Advanced Industrial Science and Technology (AIST), AIST Tsukuba Central",In HAL (Valid),302425,National Institute of Advanced Industrial Science and Technology [AIST],,,2-s2.0-85070962742,Youichi Bitou,"Tsukuba, Ibaraki"
Laboratoire National de Métrologie et d’Essais (LNE),In HAL (Valid),559909,Laboratoire National de Métrologie et d’Essais [LNE],,,2-s2.0-85070954341,Hichem Nouira,Paris
"Université de Technologie de Compiègne, Dpto. de Ingeniería Mecánica",In HAL (Valid),93027,Université de Technologie de Compiègne [UTC],,,2-s2.0-85070353454,Jinhua Xiao,"Compiègne, Cedex"
"Università di Padova, Department of Industrial Engineering",In HAL (Valid),"301093, 442106",Università degli Studi di Padova = University of Padua [Unipd] | Department of Industrial Engineering [Padova],,,2-s2.0-85065841351,Enrico Savio,Padova
"Institute of Manufacturing Metrology, Friedrich-Alexander-Universität Erlangen-Nürnberg (FAU)",In HAL (Valid),311714,Friedrich-Alexander Universität Erlangen-Nürnberg = University of Erlangen-Nuremberg [FAU],,,2-s2.0-85065841351,Tino Hausotte,Erlangen
"Centre for Precision Technologies, University of Huddersfield",In HAL (Valid),483403,University of Huddersfield,,,2-s2.0-85065841351,Paul Bills,"Queensgate, Huddersfield"
"Laboratoire universitaire de recherche en production automatisee (LURPA), Ecole normale superieure Paris-Saclay",In HAL (Valid),"1051092, 419361, 523723",Laboratoire Universitaire de Recherche en Production Automatisée [LURPA] | Université Paris-Saclay | Ecole Normale Supérieure  Paris-Saclay [ENS Paris Saclay],,,2-s2.0-85045049738,Zuowei Zhu,Cachan
"Laboratoire Commun de Métrologie (LCM), Laboratoire National de Métrologie et d'Essais (LNE)",In HAL (Valid),"300351, 538485, 147619",Laboratoire National de Métrologie et d'Essais [Trappes] [LNE ] | Laboratoire commun de métrologie LNE-CNAM [LCM] | Conservatoire National des Arts et Métiers [CNAM] [CNAM],,,2-s2.0-85047765932,Yassir Arezki,Paris
"LURPA, ENS Cachan, Univ. Paris-Sud, Université Paris-Saclay",In HAL (Valid),"6862, 1051092, 419361, 523723",Laboratoire Universitaire de Recherche en Production Automatisée [LURPA] | Université Paris-Saclay | École normale supérieure - Cachan [ENS Cachan] | Ecole Normale Supérieure  Paris-Saclay [ENS Paris Saclay],,,2-s2.0-85047765932,Yassir Arezki,Cachan
"Faculty of Engineering, University of Kragujevac, Sestre Janjic, 6",In HAL (Valid),468182,University of Kragujevac,,,2-s2.0-85049560738,Suzana Petrovic Savic,Kragujevac
"Faculty of Medical Science, University of Kragujevac, Svetozara Markovica, 69",In HAL (Valid),468182,University of Kragujevac,,,2-s2.0-85049560738,Branko Ristic,Kragujevac
"Clinical Center Kragujevac, Zmaj Jovina, 30",Not in HAL,,,,,2-s2.0-85049560738,Branko Ristic,Kragujevac
"Automated Production Research Laboratory LURPA, Ecole Normale Superieure de Cachan",In HAL (Valid),6862,École normale supérieure - Cachan [ENS Cachan],,,2-s2.0-85049560738,Nabil Anwer,Cachan
"Department of Industrial and Manufacturing System Engineering, Beihang University (BUAA)",In HAL (Valid),411674,Beihang University [BUAA],,,2-s2.0-85049560738,Lihong Qiao,Beijing
"Department of Mechanical Engineering, Université de Technologie de Compiègne, UMR UTC/CNRS 7337 Roberval",In HAL (Valid),93027,Université de Technologie de Compiègne [UTC],,,2-s2.0-85038410119,Jinhua Xiao,Compiègne Cedex
"LURPA, ENS Paris-Saclay, Univ. Paris-Sud, Université Paris 13, Université Sorbonne Paris Cité, Université Paris-Saclay",In HAL (Valid),"303171, 523723, 1051092, 15786, 419361",Laboratoire Universitaire de Recherche en Production Automatisée [LURPA] | Université Paris-Saclay | Université Paris 13 [UP13] | Université Sorbonne Paris Cité [USPC] | Ecole Normale Supérieure  Paris-Saclay [ENS Paris Saclay],,,2-s2.0-85042143602,Yassir Arezki,Cachan
"Laboratoire de Conception Fabrication Commande (LCFC), Ecole Nationale Supérieure d’Arts et Métiers (ENSAM)",In HAL (Valid),"107452, 300881, 1003434, 413289",Arts et Métiers Sciences et Technologies | Université de Lorraine [UL] | Laboratoire de Conception Fabrication Commande [LCFC] | École Nationale Supérieure d'Arts et Métiers (ENSAM) - Bordeaux,,,2-s2.0-85030152907,Uzair Khaleeq uz Zaman,Metz Cedex 3
"LURPA, Ecole Normale Supérieure Paris-Saclay, University Paris-Saclay",In HAL (Valid),"1051092, 419361, 523723",Laboratoire Universitaire de Recherche en Production Automatisée [LURPA] | Université Paris-Saclay | Ecole Normale Supérieure  Paris-Saclay [ENS Paris Saclay],,,2-s2.0-85030152907,Nabil Anwer,Cachan Cedex
"NTB, Interstaatliche Hochschule für Technik Buchs, Institute PWO",Not in HAL,,,,,2-s2.0-85061977715,Michael Marxer,
"CATIM, Technological Center for the Metal Working Industry",Not in HAL,,,,,2-s2.0-85061977715,Luis Rocha,
"Università di Padova, DII",In HAL (Valid),301093,Università degli Studi di Padova = University of Padua [Unipd],,,2-s2.0-85061977715,Enrico Savio,Padova
"LURPA, ENS Cachan, Univ. Paris-Sud, Université Paris-Saclay, Univ. Paris 13",In HAL (Valid),"6862, 1051092, 419361, 523723",Laboratoire Universitaire de Recherche en Production Automatisée [LURPA] | Université Paris-Saclay | École normale supérieure - Cachan [ENS Cachan] | Ecole Normale Supérieure  Paris-Saclay [ENS Paris Saclay],,,2-s2.0-85061972613,Charyar Mehdi-Souzani,Cachan
"Key Laboratory of Advanced Manufacturing Technology, School of Mechanical Engineering, Zhejiang University",In HAL (Valid),8138,Zhejiang University,,,2-s2.0-85061959084,Cao Yanlong,Zhejiang Province
"LURPA, ENS Cachan, Univ. Paris-Sud, Université Paris 13, Sorbonne Paris Cite, Université Paris-Saclay",In HAL (Valid),"303171, 523723, 6862, 1051092, 15786, 419361",Ecole Normale Supérieure  Paris-Saclay [ENS Paris Saclay] | Laboratoire Universitaire de Recherche en Production Automatisée [LURPA] | Université Paris-Saclay | Université Paris 13 [UP13] | Université Sorbonne Paris Cité [USPC] | École normale supérieure - Cachan [ENS Cachan],,,2-s2.0-85060399887,Saint-Clair T. Toguem,Cachan
"Department of Mechanical Engineering, University of Alberta",In HAL (Valid),98298,University of Alberta,,,2-s2.0-85060399887,Baltej S. Rupal,Edmonton
"Laboratoire Commun de Métrologie (LNE-CNAM), Laboratoire National de Métrologie et d'Essais (LNE)",In HAL (Valid),"300351, 538485, 147619",Laboratoire National de Métrologie et d'Essais [Trappes] [LNE ] | Laboratoire commun de métrologie LNE-CNAM [LCM] | Conservatoire National des Arts et Métiers [CNAM] [CNAM],,,2-s2.0-85054498340,Yassir Arezki,Paris
"LURPA, Institut Farman (FR CNRS 3311), ENS Cachan, Univ. Paris-Sud, Université Paris-Saclay",In HAL (Valid),"6862, 1051092, 419361, 523723",Laboratoire Universitaire de Recherche en Production Automatisée [LURPA] | Université Paris-Saclay | École normale supérieure - Cachan [ENS Cachan] | Ecole Normale Supérieure  Paris-Saclay [ENS Paris Saclay],,,2-s2.0-85051260120,Yahya Al-Meslemi,Cachan
University of North Carolina at Charlotte,Not in HAL,,,,,2-s2.0-85050397656,Edward Morse,Charlotte
École Nationale Supérieure d'Arts et Métiers,In HAL (Valid),"1003434, 301320",École Nationale Supérieure d'Arts et Métiers [ENSAM] | Arts et Métiers Sciences et Technologies,,,2-s2.0-85050397656,Jean-Yves Dantan,Metz
"LURPA, ENS Paris-Saclay, Université Paris Sud, Université Paris-Saclay",In HAL (Valid),"1051092, 419361, 523723",Laboratoire Universitaire de Recherche en Production Automatisée [LURPA] | Université Paris-Saclay | Ecole Normale Supérieure  Paris-Saclay [ENS Paris Saclay],,,2-s2.0-85050397656,Nabil Anwer,Cachan
Chalmers University of Technology,In HAL (Valid),50877,Chalmers University of Technology [Göteborg],,,2-s2.0-85050397656,Rikard Söderberg,Göteborg
Politecnico Milano,In HAL (Valid),125443,Politecnico di Milano [Milan] [POLIMI],,,2-s2.0-85050397656,Giovanni Moroni,Milano
University of Alberta,In HAL (Valid),98298,University of Alberta,,,2-s2.0-85050397656,Ahmed Qureshi,Edmonton
"LURPA, ENS Cachan, University Paris-Sud, Université Paris-Saclay",In HAL (Valid),"6862, 1051092, 419361, 523723",Laboratoire Universitaire de Recherche en Production Automatisée [LURPA] | Université Paris-Saclay | École normale supérieure - Cachan [ENS Cachan] | Ecole Normale Supérieure  Paris-Saclay [ENS Paris Saclay],,,2-s2.0-85047100703,Yahya Al-Meslemi,Cachan
"Daniel J. Epstein Department of Industrial and Systems Engineering, University of Southern California",In HAL (Valid),301992,University of Southern California [USC],,,2-s2.0-85046743350,Qiang Huang,Los Angeles
"Faculty of Engineering, University of Kragujevac",In HAL (Valid),468182,University of Kragujevac,,,2-s2.0-85044584077,Saša Ćuković,
"Politecnico di Bari, DMMM",In HAL (Valid),253558,Polytechnic University of Bari / Politecnico di Bari,,,2-s2.0-85044584077,Michele Fiorentino,Bari
"University POLITEHNICA of Bucharest, Faculty of Engineering and Management of Technological Systems",In HAL (Valid),204332,University Politehnica of Bucharest [Romania] [UPB],,,2-s2.0-85044584077,Ionut Ghionea,
"Ecole Normale Superieure de Cachan, LURPA",In HAL (Valid),"6862, 1051092, 419361, 523723",Laboratoire Universitaire de Recherche en Production Automatisée [LURPA] | Université Paris-Saclay | Ecole Normale Supérieure  Paris-Saclay [ENS Paris Saclay] | École normale supérieure - Cachan [ENS Cachan],,,2-s2.0-85044584077,Nabil Anwer,
"Beihang University (BUAA), Department of Industrial and Manufacturing System Engineering",In HAL (Valid),411674,Beihang University [BUAA],,,2-s2.0-85044584077,Lihong Qiao,Beijing
Fiat Chrysler Automobiles,Not in HAL,,,,,2-s2.0-85044584077,Bojan Rakonjac,Kragujevac
"LURPA, Ecole Normale Supérieure Paris-Saclay, Paris-Saclay University",In HAL (Valid),"1051092, 419361, 523723",Laboratoire Universitaire de Recherche en Production Automatisée [LURPA] | Université Paris-Saclay | Ecole Normale Supérieure  Paris-Saclay [ENS Paris Saclay],,,2-s2.0-85040939746,Nabil Anwer,Paris
"Université de Technologie de Compiègne, Department of Mechanical Systems Engineering, UMR UTC/CNRS 7337 Roberval",In HAL (Valid),93027,Université de Technologie de Compiègne [UTC],,,2-s2.0-85028384641,Jinhua Xiao,Compiègne-Cedex
"Sorbonne Universités, Université de Technologie de Compiègne, Department of Mechanical Systems Engineering, UMR UTC/CNRS 7337",In HAL (Valid),"302628, 93027",HESAM Université - Communauté d'universités et d'établissements Hautes écoles Sorbonne Arts et métiers université [HESAM] | Université de Technologie de Compiègne [UTC],,,2-s2.0-85019610783,Jinhua Xiao,"Roberval, Compiègne Cedex"
"LURPA, ENS Cachan Univ. Paris-Sud, Université Paris-Saclay",In HAL (Valid),"1051092, 419361, 523723",Laboratoire Universitaire de Recherche en Production Automatisée [LURPA] | Université Paris-Saclay | Ecole Normale Supérieure  Paris-Saclay [ENS Paris Saclay],,,2-s2.0-85019610783,Nabil Anwer,Cachan
"Université Paris 13, Sorbonne Paris Cité LURPA ENS Cachan, Univ. Paris-Sud Université Paris-Saclay",In HAL (Valid),15786,Université Paris 13 [UP13],,,2-s2.0-85019556747,Charyar Mehdi-Souzani,Cachan
"Universidade de Brasilia, UnB Faculdade de Tecnologia, Depto. Engenharia Mecânica",In HAL (Valid),365822,Universidade de Brasilia [Brasília] [UnB],,,2-s2.0-85019556747,Antonio Piratelli-Filho,"Brasilia, DF"
"Chair of Engineering Design, Friedrich-Alexander-Universität Erlangen-Nürnberg",In HAL (Valid),311714,Friedrich-Alexander Universität Erlangen-Nürnberg = University of Erlangen-Nuremberg [FAU],,,2-s2.0-85018723536,Benjamin Schleich,Erlangen
"Laboratoire Universitaire de Recherche en Production Automatisée (LURPA), Ecole Normale Supérieure de Cachan, Université Paris Sud",In HAL (Valid),"6862, 1051092, 419361, 523723",Laboratoire Universitaire de Recherche en Production Automatisée [LURPA] | Université Paris-Saclay | Ecole Normale Supérieure  Paris-Saclay [ENS Paris Saclay] | École normale supérieure - Cachan [ENS Cachan],,,2-s2.0-84973639319,Nabil Anwer,Cachan Cedex
"Department of Mechanical Engineering, University of South Carolina",In HAL (Valid),82529,University of South Carolina [Columbia],,,2-s2.0-84957937172,Ramy Harik,Columbia
"School of Mechanical Engineering and Automation, Beihang University",In HAL (Valid),411674,Beihang University [BUAA],,,2-s2.0-85007000143,Zuowei Zhu,"Haidian District, Beijing"
"Department of Engineering Design KTmfk, Friedrich-Alexander-University Erlangen-Nürnberg",In HAL (Valid),311714,Friedrich-Alexander Universität Erlangen-Nürnberg = University of Erlangen-Nuremberg [FAU],,,2-s2.0-84978531594,Benjamin Schleich,Erlangen
"LURPA, ENS Cachan, Univ Paris Sud, Université Paris-Saclay",In HAL (Valid),"6862, 1051092, 419361, 523723",Laboratoire Universitaire de Recherche en Production Automatisée [LURPA] | Université Paris-Saclay | École normale supérieure - Cachan [ENS Cachan] | Ecole Normale Supérieure  Paris-Saclay [ENS Paris Saclay],,,2-s2.0-84978531594,Nabil Anwer,Cachan
"LURPA, ENS Cachan, Univ Paris Sud, Univeristé Paris-Saclay",In HAL (Valid),6862,École normale supérieure - Cachan [ENS Cachan],,,2-s2.0-84978484297,Nabil Anwer,Cachan
Politecnico di Torino,In HAL (Valid),6571,Politecnico di Torino = Polytechnic of Turin [Polito],,,2-s2.0-84964807763,Gianluca D’Antonio,Torino
Ecole Nationale Supérieure d’Arts et Métiers,In HAL (Valid),"1003434, 301320",École Nationale Supérieure d'Arts et Métiers [ENSAM] | Arts et Métiers Sciences et Technologies,,,2-s2.0-84964807763,Frédéric Segonds,Paris
Ecole Normale Supérieure de Cachan,In HAL (Valid),6862,École normale supérieure - Cachan [ENS Cachan],,,2-s2.0-84964807763,Nabil Anwer,Cachan Cedex
"LCPI-Laboratoire de Conception de Produits et Innovation, Ecole Nationale Supérieure DArts et Métiers, 151 Bd de LHôpital",In HAL (Valid),"1003434, 301320",École Nationale Supérieure d'Arts et Métiers [ENSAM] | Arts et Métiers Sciences et Technologies,,,2-s2.0-84945136247,Floriane Laverne,Paris
"LURPA-Laboratoire Universitaire de Recherche en Production Automatisée, Ecole Normale Supérieure de Cachan",In HAL (Valid),6862,École normale supérieure - Cachan [ENS Cachan],,,2-s2.0-84945136247,Nabil Anwer,Cachan Cedex
"Advanced Manufacturing Technology and Systems Research Center, School of Manufacturing Engineering and Automation, Beihang University",In HAL (Valid),411674,Beihang University [BUAA],,,2-s2.0-84951780329,Lihong Qiao,Beijing
"Universidade de Brasília, Faculdade de Tecnologia, Depto. Engenharia Mecânica",In HAL (Valid),365822,Universidade de Brasilia [Brasília] [UnB],,,2-s2.0-84980395573,Antonio Piratelli-Filho,"Brasília, DF"
"LURPA, École Normale Superieure-ENS Cachan",In HAL (Valid),6862,École normale supérieure - Cachan [ENS Cachan],,,2-s2.0-84980395573,Nabil Anwer,Cachan
"University of Kragujevac, Faculty of Engineering",In HAL (Valid),468182,University of Kragujevac,,,2-s2.0-84980395573,Goran Devedzic,Kragujevac
"Universidade Federal de Uberlândia-UFU, Faculdade de Engenharia Mecânica",In HAL (Valid),303415,Universidade Federal de Uberlândia - UFU,,,2-s2.0-84980395573,Rosenda Valdes Arencibia,"Uberlândia, MG"
"LURPA, ENS de Cachan",In HAL (Valid),6862,École normale supérieure - Cachan [ENS Cachan],,,2-s2.0-84923362282,Shixin Xu,
"SMEA, Beihang University",In HAL (Valid),411674,Beihang University [BUAA],,,2-s2.0-84923362282,Shixin Xu,Beijing
University Paris XIII,Not in HAL,,,,,2-s2.0-84923362282,Nabil Anwer,
"Department of Engineering Design, Department of Mechanical Engineering, FAU Erlangen-Nürnberg",In HAL (Valid),311714,Friedrich-Alexander Universität Erlangen-Nürnberg = University of Erlangen-Nuremberg [FAU],,,2-s2.0-84927931306,Benjamin Schleich,Erlangen
"Automated Production Research Laboratory, Department of Mechanical Engineering, ENS Cachan",In HAL (Valid),6862,École normale supérieure - Cachan [ENS Cachan],,,2-s2.0-84927931306,Nabil Anwer,Cachan
"Advanced Manufacturing Technology and Systems Research Center, Department of Industrial and Manufacturing Systems Engineering, Beihang University",In HAL (Valid),411674,Beihang University [BUAA],,,2-s2.0-84955243970,Na Cai,Beijing
"Automated Production Research Laboratory (LURPA), Ecole Normale Superieure de Cachan",In HAL (Valid),"6862, 1051092, 419361, 523723",Laboratoire Universitaire de Recherche en Production Automatisée [LURPA] | Université Paris-Saclay | Ecole Normale Supérieure  Paris-Saclay [ENS Paris Saclay] | École normale supérieure - Cachan [ENS Cachan],,,2-s2.0-84955243970,Nabil Anwer,Cachan
"Department of Engineering Design, Friedrich-Alexander-University Erlangen-Nuremberg",In HAL (Valid),311714,Friedrich-Alexander Universität Erlangen-Nürnberg = University of Erlangen-Nuremberg [FAU],,,2-s2.0-84978986527,Benjamin Schleich,Erlangen
"Automated Production Research Laboratory, ENS Cachan, Universite Paris-Sud",In HAL (Valid),6862,École normale supérieure - Cachan [ENS Cachan],,,2-s2.0-84978986527,Nabil Anwer,Cachan
"Advanced Manufacturing Technology and Systems Research Center, Department of Industrial and Manufacturing Systems Engineering, Beihang University",In HAL (Valid),411674,Beihang University [BUAA],,,2-s2.0-84939547886,N. Cai,"Haidian District, Beijing"
"LURPA, ENS Cachan",In HAL (Valid),"1051092, 419361, 523723",Laboratoire Universitaire de Recherche en Production Automatisée [LURPA] | Université Paris-Saclay | Ecole Normale Supérieure  Paris-Saclay [ENS Paris Saclay],,,2-s2.0-84939547886,N. Anwer,Cachan-Cedex
"Arts et Métiers ParisTech, Laboratory of Information Sciences and Systems (LSIS)",In HAL (Valid),572489,Arts et Métiers ParisTech,,,2-s2.0-84939513710,N. El-Hayek,Lille
GEOMNIA,Not in HAL,,,,,2-s2.0-84939513710,M. Damak,Lille
"ENS de Cachan, University Research Laboratory in Automated Production",Not in HAL,,,,,2-s2.0-84939513710,N. Anwer,Cachan
"College of Mechanical Engineering and Applied Electronics Technology, Beijing University of Technology",In HAL (Valid),"425097, 334437",Beijing University of Technology | College of Mechanical Engineering and Applied Electronics Technology,,,2-s2.0-84939508625,Min Zhang,Beijing
"Laboratoire Universitaire de Recherche en Production Automatisée, ENS de Cachan",In HAL (Valid),6862,École normale supérieure - Cachan [ENS Cachan],,,2-s2.0-84939508625,Luc Mathieu,Cachan
"Fundamental Industry Training Center, Tsinghua University",In HAL (Valid),24050,Tsinghua University [Beijing] [THU],,,2-s2.0-84939508625,Jianxin Yang,Beijing
"Laboratoire Commun de Métrologie (LNE-CNAM), Laboratoire National de Métrologie et d'Essais (LNE)",In HAL (Valid),"300351, 538485, 559909, 147619",Laboratoire National de Métrologie et d’Essais [LNE] | Laboratoire National de Métrologie et d'Essais [Trappes] [LNE ] | Laboratoire commun de métrologie LNE-CNAM [LCM] | Conservatoire National des Arts et Métiers [CNAM] [CNAM],,,2-s2.0-84899673747,El-Hayek Nadim,
"Arts et Métiers ParisTech, Laboratory of Information Sciences and Systems (LSIS)",In HAL (Valid),572489,Arts et Métiers ParisTech,,,2-s2.0-84899673747,El-Hayek Nadim,
"Ecole Normale Supérieure de Cachan, University Research Laboratory in Automated Production",In HAL (Valid),6862,École normale supérieure - Cachan [ENS Cachan],,,2-s2.0-84899673747,Anwer Nabil,
GEOMNIA: 3D Metrology Engineering and Software Solutions,Not in HAL,,,,,2-s2.0-84899673747,Damak Mohamed,
"Arts et Métiers ParisTech (ENSAM), Laboratory of Information Sciences and Systems (LSIS)",In HAL (Valid),572489,Arts et Métiers ParisTech,,,2-s2.0-84923174908,N. El-Hayek,Lille
GEOMNIA: 3D Metrology Engineering and Software Solutions,Not in HAL,,,,,2-s2.0-84923174908,M. Damak,Lille
"Ecole Normale Supérieure de Cachan, University Research Laboratory in Automated Production",In HAL (Valid),6862,École normale supérieure - Cachan [ENS Cachan],,,2-s2.0-84923174908,N. Anwer,Cachan
"Laboratoire Commun de Métrologie (LCM), Laboratoire National de Métrologie et d'Essais (LNE)",In HAL (Valid),"300351, 538485, 147619",Laboratoire National de Métrologie et d'Essais [Trappes] [LNE ] | Laboratoire commun de métrologie LNE-CNAM [LCM] | Conservatoire National des Arts et Métiers [CNAM] [CNAM],,,2-s2.0-84905105447,N. El-Hayek,
"Arts et Métiers de Lille (ENSAM), Laboratory of Information Sciences and Systems (LSIS)",Not in HAL,,,,,2-s2.0-84905105447,N. El-Hayek,
"GEOMNIA, 3D Metrology Engineering and Software Solutions",Not in HAL,,,,,2-s2.0-84905105447,M. Damak,
"Ecole Normale Supérieure de Cachan, University Research Laboratory in Automated Production",In HAL (Valid),6862,École normale supérieure - Cachan [ENS Cachan],,,2-s2.0-84902550020,Nabil Anwer,
"Department of Engineering Design, Friedrich-Alexander-Universität Erlangen-Nürnberg",In HAL (Valid),311714,Friedrich-Alexander Universität Erlangen-Nürnberg = University of Erlangen-Nuremberg [FAU],,,2-s2.0-84902550020,Benjamin Schleich,
"Laboratoire Commun de Métrologie (LNE-CNAM), Laboratoire National de Métrologie et d'Essais (LNE)",In HAL (Valid),"300351, 538485, 147619",Laboratoire National de Métrologie et d'Essais [Trappes] [LNE ] | Laboratoire commun de métrologie LNE-CNAM [LCM] | Conservatoire National des Arts et Métiers [CNAM] [CNAM],,,2-s2.0-84898992429,N. El-Hayek,
"GEOMNIA: 3D Metrology Engineering and Software Solutions, EuraTechnologies",Not in HAL,,,,,2-s2.0-84898992429,M. Damak,
"Arts et Métiers de Lille (ENSAM), Laboratory of Information Sciences and Systems (LSIS)",Not in HAL,,,,,2-s2.0-84898992429,M. Damak,
"Laboratoire Commun de Métrologie (LNE-CNAM), Laboratoire National de Métrologie et d'Essais (LNE)",In HAL (Valid),"300351, 538485, 147619",Laboratoire National de Métrologie et d'Essais [Trappes] [LNE ] | Laboratoire commun de métrologie LNE-CNAM [LCM] | Conservatoire National des Arts et Métiers [CNAM] [CNAM],,,2-s2.0-84898936011,H. Nouira,
"Laboratoire Commun de Métrologie (LNE-CNAM), Laboratoire National de Métrologie et d'Essais (LNE)",In HAL (Valid),"300351, 538485, 559909, 147619",Laboratoire National de Métrologie et d’Essais [LNE] | Laboratoire National de Métrologie et d'Essais [Trappes] [LNE ] | Laboratoire commun de métrologie LNE-CNAM [LCM] | Conservatoire National des Arts et Métiers [CNAM] [CNAM],,,2-s2.0-84896795303,X. Yuan,
"Ecole Normale Supérieure de Cachan, University Research Laboratory in Automated Production (LURPA)",In HAL (Valid),"6862, 1051092, 419361, 523723",Laboratoire Universitaire de Recherche en Production Automatisée [LURPA] | Université Paris-Saclay | Ecole Normale Supérieure  Paris-Saclay [ENS Paris Saclay] | École normale supérieure - Cachan [ENS Cachan],,,2-s2.0-84896795303,N. Anwer,
"Laboratoire Commun de Métrologie (LNE-CNAM), Laboratoire National de Métrologie et d'Essais (LNE)",In HAL (Valid),"300351, 538485, 147619",Laboratoire National de Métrologie et d'Essais [Trappes] [LNE ] | Laboratoire commun de métrologie LNE-CNAM [LCM] | Conservatoire National des Arts et Métiers [CNAM] [CNAM],,,2-s2.0-84896783880,Hichem Nouira,
"Ecole Normale Supérieure de Cachan, University Research Laboratory in Automated Production",In HAL (Valid),6862,École normale supérieure - Cachan [ENS Cachan],,,2-s2.0-84896783880,N. El-Hayek,
"Department of Engineering Design KTmfk, Friedrich-Alexander-University Erlangen-Nürnberg",In HAL (Valid),311714,Friedrich-Alexander Universität Erlangen-Nürnberg = University of Erlangen-Nuremberg [FAU],,,2-s2.0-84893851508,Sandro Wartzack,
"Laboratoire Universitaire de Recherche en Production Automatisee LURPA, Ecole Normale Superieure de Cachan",In HAL (Valid),6862,École normale supérieure - Cachan [ENS Cachan],,,2-s2.0-84893851508,Nabil Anwer,
"Laboratoire Universitaire de Recherche en Production Automatisée (LURPA), ENS de Cachan",In HAL (Valid),"6862, 1051092, 419361, 523723",Laboratoire Universitaire de Recherche en Production Automatisée [LURPA] | Université Paris-Saclay | Ecole Normale Supérieure  Paris-Saclay [ENS Paris Saclay] | École normale supérieure - Cachan [ENS Cachan],,,2-s2.0-84880533833,Min Zhang,
"Department of Precision Metrology, College of Mechanical Engineering and Applied Electronics Technology, Beijing University of Technology",In HAL (Valid),"425097, 334437",Beijing University of Technology | College of Mechanical Engineering and Applied Electronics Technology,,,2-s2.0-84880533833,Min Zhang,
"Department of Mechanical Engineering, Engineering Design (KTmfk), University Erlangen-Nuremberg",In HAL (Valid),311714,Friedrich-Alexander Universität Erlangen-Nürnberg = University of Erlangen-Nuremberg [FAU],,,2-s2.0-84880533833,Andreas Stockinger,
"Advanced Manufacturing Technology and Systems Research Center, School of Manufacturing Engineering and Automation, Beihang University",In HAL (Valid),411674,Beihang University [BUAA],,,2-s2.0-84880017042,Yi-Xin Zhu,
"LURPA, ENS Cachan",In HAL (Valid),"1051092, 419361, 523723",Laboratoire Universitaire de Recherche en Production Automatisée [LURPA] | Université Paris-Saclay | Ecole Normale Supérieure  Paris-Saclay [ENS Paris Saclay],,,2-s2.0-84880017042,Nabi Anwer,
"LURPA, Laboratoire Universitaire de Recherche en Production Automatisée, ENS Cachan",In HAL (Valid),6862,École normale supérieure - Cachan [ENS Cachan],,,2-s2.0-84878892837,Nabil Anwer,
"Univ. Bordeaux, I2M, UMR 5295",In HAL (Valid),"259761, 1003434, 301962, 577435, 441569, 1002421","Institut National de Recherche pour l’Agriculture, l’Alimentation et l’Environnement [INRAE] | Centre National de la Recherche Scientifique [CNRS] | Université de Bordeaux [UB] | Institut de Mécanique et d'Ingénierie [I2M] | Arts et Métiers Sciences et Technologies | Institut Polytechnique de Bordeaux",,,2-s2.0-84878892837,Alex Ballu,
"LURPA, ENS Cachan",In HAL (Valid),"1051092, 419361, 523723",Laboratoire Universitaire de Recherche en Production Automatisée [LURPA] | Université Paris-Saclay | Ecole Normale Supérieure  Paris-Saclay [ENS Paris Saclay],,,2-s2.0-84886211319,Zhao Haibin,
"Department of Mechanical Engineering, KU Leuven",In HAL (Valid),"230193, 300656",Catholic University of Leuven = Katholieke Universiteit Leuven [KU Leuven] | Department of Mechanical Engineering [Leuven],,,2-s2.0-84884883173,Haibin Zhao,
LURPA-ENS Cachan,Not in HAL,,,,,2-s2.0-84884883173,Nabil Anwer,
Beijing University of Technology,In HAL (Valid),334437,Beijing University of Technology,,,2-s2.0-84884875274,Jianxin Yang,
Tsinghua University,In HAL (Valid),24050,Tsinghua University [Beijing] [THU],,,2-s2.0-84884875274,Junying Wang,
"LURPA, ENS de Cachan",In HAL (Valid),6862,École normale supérieure - Cachan [ENS Cachan],,,2-s2.0-84884875274,Nabil Anwer,
"Department of Mechanical Engineering, Friedrich-Alexander-University Erlangen-Nuremberg",In HAL (Valid),311714,Friedrich-Alexander Universität Erlangen-Nürnberg = University of Erlangen-Nuremberg [FAU],,,2-s2.0-84883895351,Benjamin Schleich,
Ecole Normale Superieure de Cachan,In HAL (Valid),6862,École normale supérieure - Cachan [ENS Cachan],,,2-s2.0-84883895351,Nabil Anwer,
"LURPA, Ecole Normale Superieure de Cachan",In HAL (Valid),6862,École normale supérieure - Cachan [ENS Cachan],,,2-s2.0-85072952017,M. Zhang,Cachan
"PMA, Katholieke Universiteit Leuven",Not in HAL,,,,,2-s2.0-85072952017,H.B. Zhao,Heverlee
"LURPA, ENS Cachan",In HAL (Valid),6862,École normale supérieure - Cachan [ENS Cachan],,,2-s2.0-77955341242,Bernard Anselmetti,
"IUT Cachan, Universit Paris-Sud 11",Not in HAL,,,,,2-s2.0-77955341242,Bernard Anselmetti,
Beijing University of Technology,In HAL (Valid),334437,Beijing University of Technology,,,2-s2.0-77955341242,Jian-Xin Yang,
"IUT St. Denis, Universit Paris 13",Not in HAL,,,,,2-s2.0-77955341242,Nabil Anwer,
"LURPA, Ecole Normale Suprieure de Cachan",In HAL (Valid),"1051092, 419361, 523723",Laboratoire Universitaire de Recherche en Production Automatisée [LURPA] | Université Paris-Saclay | Ecole Normale Supérieure  Paris-Saclay [ENS Paris Saclay],,,2-s2.0-85131466261,Marc Douilly,Cachan
EADS IW,In HAL (Valid),301415,EADS IW,,,2-s2.0-85131466261,Marc Douilly,Suresnes
"IUTde Cachan, 9av. Division Leclerc",Not in HAL,,,,,2-s2.0-85136610556,Claire Lartigue,Cachan cedex
LURPA-ENS de Cachan-Universite Paris sud-11,Not in HAL,,,,,2-s2.0-85136610556,Claire Lartigue,
LURPA-ENS de Cachan-Université Paris sud-11,Not in HAL,,,,,2-s2.0-85136610556,Pierre Bourdet,Cachan cedex
"IUTde Saint-Denis, LURPA-ENS de Cachan-Universite Paris sud-11",Not in HAL,,,,,2-s2.0-85136610556,Nabil Anwer,
"LGIPM, ENSAM de Metz",In HAL (Valid),"527506, 413289","Laboratoire de Génie Informatique, de Production et de Maintenance [LGIPM] | Université de Lorraine [UL]",,,2-s2.0-0041842540,J.-Y. Dantan,
"LURPA, E.N.S. de Cachan",In HAL (Valid),6862,École normale supérieure - Cachan [ENS Cachan],,,2-s2.0-0041842540,N. Anwer,
"IUT de Saint-Denis, Paris North University",In HAL (Valid),"581146, 1001012",Université Sorbonne Paris Nord | Institut Universitaire de Technologie - Saint-Denis [IUT Saint-Denis],,,2-s2.0-0041842540,N. Anwer,
